Execution_RID,Asset_RID,True_Class,Predicted_Class,Count
W76,W96,airplane,airplane,29
W76,W96,airplane,automobile,0
W76,W96,airplane,bird,0
W76,W96,airplane,cat,1
W76,W96,airplane,deer,0
W76,W96,airplane,dog,1
W76,W96,airplane,frog,3
W76,W96,airplane,horse,5
W76,W96,airplane,ship,1
W76,W96,airplane,truck,15
W76,W96,automobile,airplane,7
W76,W96,automobile,automobile,0
W76,W96,automobile,bird,2
W76,W96,automobile,cat,0
W76,W96,automobile,deer,0
W76,W96,automobile,dog,3
W76,W96,automobile,frog,8
W76,W96,automobile,horse,1
W76,W96,automobile,ship,0
W76,W96,automobile,truck,34
W76,W96,bird,airplane,10
W76,W96,bird,automobile,0
W76,W96,bird,bird,0
W76,W96,bird,cat,0
W76,W96,bird,deer,0
W76,W96,bird,dog,8
W76,W96,bird,frog,22
W76,W96,bird,horse,4
W76,W96,bird,ship,3
W76,W96,bird,truck,8
W76,W96,cat,airplane,5
W76,W96,cat,automobile,0
W76,W96,cat,bird,0
W76,W96,cat,cat,1
W76,W96,cat,deer,0
W76,W96,cat,dog,11
W76,W96,cat,frog,21
W76,W96,cat,horse,8
W76,W96,cat,ship,1
W76,W96,cat,truck,8
W76,W96,deer,airplane,0
W76,W96,deer,automobile,0
W76,W96,deer,bird,0
W76,W96,deer,cat,1
W76,W96,deer,deer,1
W76,W96,deer,dog,6
W76,W96,deer,frog,22
W76,W96,deer,horse,12
W76,W96,deer,ship,0
W76,W96,deer,truck,13
W76,W96,dog,airplane,2
W76,W96,dog,automobile,0
W76,W96,dog,bird,2
W76,W96,dog,cat,0
W76,W96,dog,deer,0
W76,W96,dog,dog,6
W76,W96,dog,frog,22
W76,W96,dog,horse,11
W76,W96,dog,ship,2
W76,W96,dog,truck,10
W76,W96,frog,airplane,1
W76,W96,frog,automobile,0
W76,W96,frog,bird,0
W76,W96,frog,cat,0
W76,W96,frog,deer,0
W76,W96,frog,dog,2
W76,W96,frog,frog,36
W76,W96,frog,horse,2
W76,W96,frog,ship,0
W76,W96,frog,truck,14
W76,W96,horse,airplane,4
W76,W96,horse,automobile,0
W76,W96,horse,bird,0
W76,W96,horse,cat,1
W76,W96,horse,deer,0
W76,W96,horse,dog,8
W76,W96,horse,frog,15
W76,W96,horse,horse,11
W76,W96,horse,ship,1
W76,W96,horse,truck,15
W76,W96,ship,airplane,7
W76,W96,ship,automobile,0
W76,W96,ship,bird,0
W76,W96,ship,cat,0
W76,W96,ship,deer,0
W76,W96,ship,dog,2
W76,W96,ship,frog,3
W76,W96,ship,horse,5
W76,W96,ship,ship,4
W76,W96,ship,truck,34
W76,W96,truck,airplane,0
W76,W96,truck,automobile,0
W76,W96,truck,bird,0
W76,W96,truck,cat,0
W76,W96,truck,deer,0
W76,W96,truck,dog,0
W76,W96,truck,frog,6
W76,W96,truck,horse,4
W76,W96,truck,ship,1
W76,W96,truck,truck,44
XCE,XEE,airplane,airplane,27
XCE,XEE,airplane,automobile,2
XCE,XEE,airplane,bird,3
XCE,XEE,airplane,cat,3
XCE,XEE,airplane,deer,1
XCE,XEE,airplane,dog,1
XCE,XEE,airplane,frog,1
XCE,XEE,airplane,horse,0
XCE,XEE,airplane,ship,11
XCE,XEE,airplane,truck,6
XCE,XEE,automobile,airplane,5
XCE,XEE,automobile,automobile,28
XCE,XEE,automobile,bird,1
XCE,XEE,automobile,cat,1
XCE,XEE,automobile,deer,0
XCE,XEE,automobile,dog,1
XCE,XEE,automobile,frog,0
XCE,XEE,automobile,horse,0
XCE,XEE,automobile,ship,3
XCE,XEE,automobile,truck,16
XCE,XEE,bird,airplane,10
XCE,XEE,bird,automobile,0
XCE,XEE,bird,bird,9
XCE,XEE,bird,cat,8
XCE,XEE,bird,deer,4
XCE,XEE,bird,dog,4
XCE,XEE,bird,frog,13
XCE,XEE,bird,horse,3
XCE,XEE,bird,ship,3
XCE,XEE,bird,truck,1
XCE,XEE,cat,airplane,2
XCE,XEE,cat,automobile,6
XCE,XEE,cat,bird,8
XCE,XEE,cat,cat,19
XCE,XEE,cat,deer,1
XCE,XEE,cat,dog,5
XCE,XEE,cat,frog,7
XCE,XEE,cat,horse,1
XCE,XEE,cat,ship,2
XCE,XEE,cat,truck,4
XCE,XEE,deer,airplane,1
XCE,XEE,deer,automobile,2
XCE,XEE,deer,bird,9
XCE,XEE,deer,cat,9
XCE,XEE,deer,deer,6
XCE,XEE,deer,dog,1
XCE,XEE,deer,frog,16
XCE,XEE,deer,horse,6
XCE,XEE,deer,ship,2
XCE,XEE,deer,truck,3
XCE,XEE,dog,airplane,1
XCE,XEE,dog,automobile,1
XCE,XEE,dog,bird,11
XCE,XEE,dog,cat,10
XCE,XEE,dog,deer,0
XCE,XEE,dog,dog,14
XCE,XEE,dog,frog,8
XCE,XEE,dog,horse,3
XCE,XEE,dog,ship,5
XCE,XEE,dog,truck,2
XCE,XEE,frog,airplane,0
XCE,XEE,frog,automobile,2
XCE,XEE,frog,bird,2
XCE,XEE,frog,cat,10
XCE,XEE,frog,deer,3
XCE,XEE,frog,dog,2
XCE,XEE,frog,frog,30
XCE,XEE,frog,horse,0
XCE,XEE,frog,ship,5
XCE,XEE,frog,truck,1
XCE,XEE,horse,airplane,3
XCE,XEE,horse,automobile,3
XCE,XEE,horse,bird,5
XCE,XEE,horse,cat,6
XCE,XEE,horse,deer,1
XCE,XEE,horse,dog,9
XCE,XEE,horse,frog,7
XCE,XEE,horse,horse,12
XCE,XEE,horse,ship,1
XCE,XEE,horse,truck,8
XCE,XEE,ship,airplane,9
XCE,XEE,ship,automobile,2
XCE,XEE,ship,bird,1
XCE,XEE,ship,cat,2
XCE,XEE,ship,deer,1
XCE,XEE,ship,dog,0
XCE,XEE,ship,frog,0
XCE,XEE,ship,horse,0
XCE,XEE,ship,ship,25
XCE,XEE,ship,truck,15
XCE,XEE,truck,airplane,2
XCE,XEE,truck,automobile,7
XCE,XEE,truck,bird,1
XCE,XEE,truck,cat,4
XCE,XEE,truck,deer,0
XCE,XEE,truck,dog,0
XCE,XEE,truck,frog,0
XCE,XEE,truck,horse,0
XCE,XEE,truck,ship,3
XCE,XEE,truck,truck,38
YHP,YKP,airplane,airplane,20
YHP,YKP,airplane,automobile,5
YHP,YKP,airplane,bird,7
YHP,YKP,airplane,cat,3
YHP,YKP,airplane,deer,3
YHP,YKP,airplane,dog,1
YHP,YKP,airplane,frog,4
YHP,YKP,airplane,horse,0
YHP,YKP,airplane,ship,10
YHP,YKP,airplane,truck,2
YHP,YKP,automobile,airplane,3
YHP,YKP,automobile,automobile,36
YHP,YKP,automobile,bird,0
YHP,YKP,automobile,cat,2
YHP,YKP,automobile,deer,0
YHP,YKP,automobile,dog,0
YHP,YKP,automobile,frog,1
YHP,YKP,automobile,horse,0
YHP,YKP,automobile,ship,4
YHP,YKP,automobile,truck,9
YHP,YKP,bird,airplane,7
YHP,YKP,bird,automobile,0
YHP,YKP,bird,bird,8
YHP,YKP,bird,cat,4
YHP,YKP,bird,deer,14
YHP,YKP,bird,dog,5
YHP,YKP,bird,frog,9
YHP,YKP,bird,horse,3
YHP,YKP,bird,ship,4
YHP,YKP,bird,truck,1
YHP,YKP,cat,airplane,1
YHP,YKP,cat,automobile,1
YHP,YKP,cat,bird,6
YHP,YKP,cat,cat,15
YHP,YKP,cat,deer,9
YHP,YKP,cat,dog,9
YHP,YKP,cat,frog,9
YHP,YKP,cat,horse,3
YHP,YKP,cat,ship,2
YHP,YKP,cat,truck,0
YHP,YKP,deer,airplane,1
YHP,YKP,deer,automobile,1
YHP,YKP,deer,bird,7
YHP,YKP,deer,cat,5
YHP,YKP,deer,deer,20
YHP,YKP,deer,dog,2
YHP,YKP,deer,frog,10
YHP,YKP,deer,horse,7
YHP,YKP,deer,ship,1
YHP,YKP,deer,truck,1
YHP,YKP,dog,airplane,0
YHP,YKP,dog,automobile,1
YHP,YKP,dog,bird,4
YHP,YKP,dog,cat,9
YHP,YKP,dog,deer,10
YHP,YKP,dog,dog,15
YHP,YKP,dog,frog,10
YHP,YKP,dog,horse,3
YHP,YKP,dog,ship,2
YHP,YKP,dog,truck,1
YHP,YKP,frog,airplane,0
YHP,YKP,frog,automobile,1
YHP,YKP,frog,bird,3
YHP,YKP,frog,cat,6
YHP,YKP,frog,deer,7
YHP,YKP,frog,dog,3
YHP,YKP,frog,frog,30
YHP,YKP,frog,horse,3
YHP,YKP,frog,ship,2
YHP,YKP,frog,truck,0
YHP,YKP,horse,airplane,1
YHP,YKP,horse,automobile,1
YHP,YKP,horse,bird,5
YHP,YKP,horse,cat,6
YHP,YKP,horse,deer,4
YHP,YKP,horse,dog,9
YHP,YKP,horse,frog,5
YHP,YKP,horse,horse,21
YHP,YKP,horse,ship,1
YHP,YKP,horse,truck,2
YHP,YKP,ship,airplane,6
YHP,YKP,ship,automobile,3
YHP,YKP,ship,bird,2
YHP,YKP,ship,cat,2
YHP,YKP,ship,deer,3
YHP,YKP,ship,dog,0
YHP,YKP,ship,frog,1
YHP,YKP,ship,horse,0
YHP,YKP,ship,ship,28
YHP,YKP,ship,truck,10
YHP,YKP,truck,airplane,1
YHP,YKP,truck,automobile,9
YHP,YKP,truck,bird,0
YHP,YKP,truck,cat,3
YHP,YKP,truck,deer,2
YHP,YKP,truck,dog,0
YHP,YKP,truck,frog,4
YHP,YKP,truck,horse,1
YHP,YKP,truck,ship,2
YHP,YKP,truck,truck,33
