Image,true_class,quick_pred,quick_conf,default_pred,default_conf,large_pred,large_conf,quick_correct,default_correct,large_correct,quick_prob_airplane,quick_prob_automobile,quick_prob_bird,quick_prob_cat,quick_prob_deer,quick_prob_dog,quick_prob_frog,quick_prob_horse,quick_prob_ship,quick_prob_truck,default_prob_airplane,default_prob_automobile,default_prob_bird,default_prob_cat,default_prob_deer,default_prob_dog,default_prob_frog,default_prob_horse,default_prob_ship,default_prob_truck,large_prob_airplane,large_prob_automobile,large_prob_bird,large_prob_cat,large_prob_deer,large_prob_dog,large_prob_frog,large_prob_horse,large_prob_ship,large_prob_truck
488,bird,horse,0.13428506,bird,0.41642085,bird,0.6393516,False,True,True,0.09611367,0.122561395,0.084098876,0.09378737,0.106142744,0.1028427,0.09030141,0.13428506,0.070028104,0.09983869,0.01585078,0.011410673,0.41642085,0.17423621,0.15015905,0.10265433,0.08067751,0.020029226,0.0146949,0.013866484,0.00017890746,0.00018506196,0.6393516,0.045182746,0.21696296,0.078172415,0.018672606,0.00078399864,0.00045950938,5.0110488e-05
498,dog,airplane,0.23855388,cat,0.42750886,cat,0.47378194,False,False,False,0.23855388,0.099070676,0.05931602,0.08241843,0.04922313,0.15740608,0.055246267,0.112446696,0.07284876,0.07347002,0.109787755,0.00026683067,0.1793243,0.42750886,0.0044437503,0.20708032,0.060755637,0.0006567024,0.008447936,0.0017278537,0.111958556,1.2832578e-08,0.0016922271,0.47378194,0.0035561237,0.3976524,0.011144403,6.653011e-05,0.00014202489,5.7504117e-06
49M,horse,horse,0.13935752,bird,0.3364764,airplane,0.5619817,True,False,False,0.102129035,0.13321494,0.07057546,0.094532095,0.09346807,0.10950402,0.07683322,0.13935752,0.059082713,0.12130291,0.17326431,0.09462223,0.3364764,0.16029882,0.026634142,0.06061042,0.026679736,0.0023488067,0.044288993,0.074776165,0.5619817,0.1433552,0.1276197,0.01080198,0.057938695,0.03171505,0.006924851,0.00031253093,0.023692086,0.03565835
4A0,airplane,airplane,0.23681961,bird,0.41746172,frog,0.3356981,True,False,False,0.23681961,0.11452457,0.078191854,0.057529483,0.0624729,0.091873884,0.05275235,0.11306686,0.07956441,0.113204084,0.17445222,0.015001018,0.41746172,0.020670269,0.10951422,0.0420013,0.072007746,0.017617254,0.10009381,0.031180449,0.058967464,0.00028799023,0.27593088,5.908655e-05,0.2505014,0.018191775,0.3356981,6.46814e-05,0.060232963,6.562634e-05
4A2,frog,dog,0.1343419,cat,0.6358669,cat,0.66623616,False,False,False,0.09740166,0.11566539,0.0652444,0.12046476,0.08263977,0.1343419,0.08722576,0.13016197,0.07393416,0.09292021,0.001956291,0.00082934846,0.2054245,0.6358669,0.004396795,0.10926889,0.031681515,0.0065414,0.0015658762,0.0024684044,1.5311691e-06,3.6380698e-09,0.0043756133,0.66623616,7.854313e-05,0.32918957,2.6563106e-05,9.131857e-05,3.1725108e-08,6.326671e-07
4AR,dog,dog,0.18983026,deer,0.345776,deer,0.9122775,True,False,False,0.074340746,0.11320014,0.053415477,0.11629475,0.09789172,0.18983026,0.09785379,0.1531599,0.05293718,0.05107605,0.0011616945,0.009848845,0.09851812,0.2591465,0.345776,0.20908898,0.04829315,0.025640113,0.0012615084,0.0012650776,4.358564e-07,1.6424407e-06,0.018110737,0.031819362,0.9122775,0.037446417,0.00024891933,6.407933e-05,3.0857223e-05,6.627809e-08
4AT,ship,airplane,0.21428515,truck,0.36554453,airplane,0.9020432,False,False,False,0.21428515,0.12461375,0.05671463,0.058955796,0.06687914,0.077396914,0.048109848,0.102540396,0.09344526,0.15705907,0.3309426,0.027483515,0.005783481,0.0023934115,0.019683367,0.0027233467,0.002069445,0.0004234438,0.24295285,0.36554453,0.9020432,5.168754e-06,1.7508945e-07,5.3446086e-10,0.0010880618,4.6852414e-08,3.6288359e-06,8.95527e-09,0.08910287,0.007756874
4BG,ship,truck,0.17034344,truck,0.51381695,ship,0.5752758,False,False,True,0.13357463,0.114648536,0.07321369,0.07135692,0.087016694,0.079174764,0.066167735,0.12752445,0.07697905,0.17034344,0.051951382,0.017835805,0.025326207,0.091656245,0.08459596,0.026006531,0.041748308,0.012375373,0.13468727,0.51381695,0.0015369571,0.0036519754,0.0011543481,0.0029502243,0.021663735,0.0062160245,0.0023527206,0.00082647003,0.5752758,0.38437173
4C0,bird,deer,0.13035882,frog,0.3740614,deer,0.8468409,False,False,False,0.04245322,0.11567185,0.06259819,0.123717874,0.13035882,0.103483744,0.1273806,0.12741616,0.05979931,0.10712031,0.0025585333,0.015371135,0.17102379,0.1394583,0.1809918,0.062728524,0.3740614,0.011197371,0.012533431,0.030075753,3.3166918e-06,0.00023733843,0.010075184,0.0023442253,0.8468409,0.0007604292,0.13934751,0.00030779294,8.88477e-06,7.437055e-05
4CY,horse,airplane,0.17551562,cat,0.33641225,deer,0.51446676,False,False,False,0.17551562,0.122996755,0.0649376,0.07271894,0.07064322,0.094788045,0.0552116,0.14865005,0.075183526,0.11935465,0.2400416,0.0103316,0.122719444,0.33641225,0.032302305,0.043907676,0.0076112123,0.15100856,0.0214362,0.034229092,0.11802525,1.2908596e-05,0.1218347,0.030464798,0.51446676,0.08740867,0.0030100988,0.12448971,0.00011066212,0.00017645607
4D0,airplane,airplane,0.32432187,bird,0.35815266,deer,0.90667677,True,False,False,0.32432187,0.106394246,0.06733302,0.046004668,0.048392396,0.08508389,0.03970256,0.09648733,0.076730035,0.10954993,0.2776043,0.009074337,0.35815266,0.019224772,0.12786528,0.00950113,0.025722897,0.003298159,0.12162095,0.047935452,0.07057964,7.527524e-07,0.020255085,1.9839412e-05,0.90667677,9.485954e-05,0.00015356267,3.2799747e-07,0.0022028892,1.6208725e-05
4DG,horse,airplane,0.16450404,truck,0.36171055,deer,0.6198173,False,False,False,0.16450404,0.119325735,0.06806339,0.059464153,0.07859155,0.08990838,0.049438607,0.16204624,0.052914333,0.15574357,0.04934595,0.007073452,0.09736099,0.20986788,0.20424674,0.013208818,0.0073193074,0.027746331,0.022120012,0.36171055,0.005822919,9.353602e-06,0.069405936,0.036915753,0.6198173,0.003530757,0.00951047,0.013621966,0.089241035,0.15212457
4DP,deer,airplane,0.19769454,bird,0.692539,bird,0.8634781,False,False,False,0.19769454,0.11343302,0.06945487,0.06624314,0.07004688,0.1132385,0.060126953,0.1152307,0.08082968,0.11370177,0.029177368,0.006452006,0.692539,0.024575343,0.038108893,0.037154175,0.05687884,0.001964032,0.06786207,0.045288317,0.000108943044,7.4141485e-06,0.8634781,0.0005637698,0.11030858,0.02439703,0.0010081434,4.6533586e-07,6.264969e-05,6.492835e-05
4DT,ship,truck,0.15802889,truck,0.41127264,deer,0.79505473,False,False,False,0.15460035,0.11691558,0.07882314,0.066757426,0.08548074,0.079057425,0.061517786,0.12011494,0.07870372,0.15802889,0.113351464,0.036275037,0.040048584,0.032853164,0.19485399,0.024544455,0.015682083,0.019659089,0.111459516,0.41127264,0.016400209,9.627761e-05,0.003254077,0.000101605285,0.79505473,0.013494323,0.001508266,0.00018242562,0.13806611,0.031842098
4DW,truck,truck,0.22452892,truck,0.72453874,truck,0.47972816,True,True,True,0.13447429,0.14939114,0.062826164,0.06782876,0.069650024,0.059443526,0.048634075,0.10207244,0.08115065,0.22452892,0.048973866,0.05821885,0.030850293,0.021205163,0.0030559483,0.004216388,0.0020229516,0.00022617889,0.10669172,0.72453874,0.014427034,0.44752228,0.05424582,0.0017310645,9.528575e-05,0.001136013,5.382105e-05,9.489852e-07,0.0010596246,0.47972816
4E0,cat,horse,0.15707967,deer,0.3182673,dog,0.72180665,False,False,False,0.09730668,0.11857089,0.07101393,0.07600698,0.107553005,0.10325841,0.0839435,0.15707967,0.06592757,0.119339444,0.014061225,0.015324142,0.12974457,0.079163305,0.3182673,0.15899782,0.09766448,0.10488575,0.019718751,0.062172744,6.0834514e-05,1.6425358e-05,0.005985993,0.00022578095,0.24196985,0.72180665,0.0050612534,0.022489253,0.0015214969,0.00086243317
4E8,cat,horse,0.14268874,cat,0.27923116,frog,0.5637393,False,True,False,0.058323648,0.10552432,0.0717291,0.10749169,0.11864028,0.113702774,0.114122964,0.14268874,0.06834205,0.099434435,0.0085146595,0.0063597127,0.18097603,0.27923116,0.1169998,0.15805493,0.18093131,0.028472831,0.02260922,0.017850336,0.00016041604,0.005262526,0.022664085,0.15850629,0.052943837,0.19329526,0.5637393,0.0012103117,0.0011029487,0.0011150574
4EE,deer,airplane,0.18266717,cat,0.21256912,deer,0.69595665,False,False,True,0.18266717,0.11409935,0.068105415,0.07005877,0.07361046,0.09578609,0.057598744,0.12353027,0.086361244,0.12818252,0.13361353,0.013795815,0.08419315,0.21256912,0.12899415,0.04695937,0.07677417,0.057947982,0.1325845,0.11256826,0.04217802,6.691902e-05,0.08606357,0.015681483,0.69595665,0.003773756,0.0034227788,0.058515772,0.083448395,0.010892647
4EG,bird,horse,0.12441198,bird,0.41403568,deer,0.96257555,False,True,False,0.11707345,0.120095156,0.06872272,0.09108607,0.097532056,0.11879595,0.081355415,0.12441198,0.070644535,0.110282674,0.027018342,0.007560877,0.41403568,0.10907304,0.13377564,0.096695505,0.13596414,0.005229598,0.03649187,0.034155354,0.00019157525,5.504386e-07,0.0252972,0.002501619,0.96257555,0.0073726964,0.0018387481,6.8561453e-06,0.00016331587,5.1929623e-05
4EW,bird,horse,0.14751752,bird,0.35456097,ship,0.99998176,False,True,False,0.07385068,0.1272359,0.062213123,0.12142066,0.088824965,0.13063817,0.09858748,0.14751752,0.06883837,0.080873094,0.002838731,0.0066883024,0.35456097,0.33827573,0.019039832,0.057689298,0.14162402,0.0034248622,0.070353724,0.005504582,1.213574e-08,3.8029243e-06,7.2568487e-06,2.6477715e-06,3.1449707e-07,7.551108e-07,3.3146105e-06,2.6063212e-08,0.99998176,4.8796526e-08
4F6,automobile,airplane,0.2094859,truck,0.4541464,truck,0.615587,False,False,False,0.2094859,0.14664523,0.05851742,0.05721762,0.058506984,0.06814316,0.039616216,0.111131035,0.07191222,0.1788242,0.2533748,0.23748827,0.015781827,0.010395944,0.0030068583,0.0042272517,0.00075140677,0.0032064607,0.017620854,0.4541464,0.17151788,0.21228325,0.00020468007,4.775259e-05,0.0002125253,2.9147636e-06,5.783629e-06,2.235333e-05,0.00011582513,0.615587
4FT,truck,truck,0.1908913,truck,0.6169989,airplane,0.8535021,True,True,False,0.16645469,0.12834199,0.059723403,0.06061911,0.073451236,0.077092096,0.046639204,0.13339609,0.06339092,0.1908913,0.17188832,0.02345658,0.030387398,0.102167234,0.013417802,0.011786832,0.003421581,0.005637369,0.020837996,0.6169989,0.8535021,0.0011769295,0.005250539,0.099758364,0.002956218,0.0014770937,0.011984078,0.014636038,4.5165216e-05,0.00921338
4GC,truck,airplane,0.2251194,truck,0.7209014,truck,0.5216955,False,True,True,0.2251194,0.11727444,0.051625233,0.058814365,0.05009033,0.06801342,0.036209438,0.09964223,0.07656497,0.21664621,0.041665573,0.0021824266,0.028276503,0.013984137,0.0014741345,0.00063439953,0.0010726406,0.00012551059,0.18968327,0.7209014,0.11023826,3.8801845e-05,0.007187015,7.1479975e-05,0.00040433707,0.00011474055,3.1746466e-05,3.31215e-07,0.3602178,0.5216955
4GJ,frog,dog,0.1307115,bird,0.3280311,ship,0.91299695,False,False,False,0.12820403,0.121852525,0.062064778,0.10670708,0.07174856,0.1307115,0.08226712,0.11969178,0.089150876,0.087601736,0.020659609,0.013524806,0.3280311,0.20590636,0.013141059,0.060755085,0.17886865,0.009533521,0.1477904,0.021789404,0.004259534,8.770279e-05,0.020806016,0.05222241,0.00055314804,0.0060064876,0.0029810718,9.947525e-06,0.91299695,7.668631e-05
4GR,frog,truck,0.14256659,ship,0.27529448,ship,0.8005858,False,False,False,0.087659635,0.13029864,0.07179644,0.10017337,0.10382404,0.086200155,0.08667608,0.110551834,0.080253206,0.14256659,0.05542599,0.015440205,0.20548177,0.0764051,0.049254507,0.033114187,0.09276503,0.0024632255,0.27529448,0.19435553,0.008537928,1.5792411e-05,0.07082403,0.0016089949,0.08655406,0.0033057295,0.013977419,2.1243228e-07,0.8005858,0.014589981
4H6,ship,airplane,0.27169004,airplane,0.44967926,airplane,0.3955453,False,False,False,0.27169004,0.12813991,0.04656832,0.06328263,0.047802582,0.15333875,0.039176166,0.14571263,0.04242208,0.061866935,0.44967926,0.19426934,0.078217134,0.07102397,0.11028143,0.02274954,0.0034352022,0.044741496,0.0009601874,0.024642492,0.3955453,0.29011995,0.0016088028,0.017019896,0.25408313,0.00014545907,0.0009660341,0.018471226,2.392759e-06,0.022037752
4HC,horse,horse,0.15613243,truck,0.43496424,deer,0.9026875,True,False,False,0.0893835,0.11842076,0.053288154,0.08728226,0.10766427,0.103552856,0.074503526,0.15613243,0.062424865,0.14734738,0.0060578976,0.0033511568,0.059053317,0.090890355,0.22534199,0.03258152,0.07509081,0.023569155,0.049099635,0.43496424,0.0001450299,5.7967964e-07,0.003574562,0.0007858178,0.9026875,0.038531158,0.009011603,0.002305845,0.00270188,0.040256053
4HT,dog,horse,0.13572331,dog,0.36909083,cat,0.57158,False,True,False,0.0948138,0.109608494,0.06832833,0.09972035,0.100374125,0.13110869,0.093524285,0.13572331,0.07321911,0.093579486,0.031433094,0.007172787,0.07868845,0.25801095,0.080169454,0.36909083,0.114286646,0.039712064,0.010547976,0.010887772,0.0004173929,3.379778e-07,0.00059658516,0.57158,0.043038197,0.37785363,0.0054709665,0.0008571165,0.00015406132,3.1712043e-05
4J4,frog,dog,0.18371727,cat,0.4810872,dog,0.99065244,False,False,False,0.07620883,0.090498455,0.060578372,0.102941215,0.10158486,0.18371727,0.10464012,0.1589509,0.052501507,0.06837845,0.0009453841,0.000220691,0.11871284,0.4810872,0.08101454,0.2642751,0.033545844,0.018611249,0.00027036713,0.0013168043,5.581067e-07,8.87077e-09,2.0399466e-05,0.0031254627,0.0056905476,0.99065244,0.00043479266,1.7480183e-05,5.6920122e-05,1.390073e-06
4KJ,automobile,truck,0.19416235,truck,0.6385752,truck,0.9285666,False,False,False,0.054309007,0.12679781,0.051687,0.078570895,0.13483314,0.07261901,0.084153764,0.14979653,0.05307055,0.19416235,0.004269988,0.031566177,0.015669264,0.07470443,0.14225245,0.021095281,0.04955489,0.013635755,0.0086766,0.6385752,0.0014742239,0.0150074,0.0012353912,0.0030088553,0.007900206,0.028295334,0.010517557,0.002191926,0.0018024961,0.9285666
4KP,deer,truck,0.141367,cat,0.22297542,deer,0.55351573,False,False,True,0.077516556,0.11705465,0.073448695,0.08850715,0.12003042,0.09199106,0.08901666,0.13304447,0.06802333,0.141367,0.037547644,0.012213882,0.20838746,0.22297542,0.20866342,0.12988795,0.068253376,0.009470528,0.01869277,0.083907574,0.001170683,1.2352959e-05,0.07213473,0.056869347,0.55351573,0.30260321,0.0018386296,0.00017376321,0.0024416354,0.009239939
4M2,deer,horse,0.15557955,cat,0.25976628,deer,0.43601692,False,False,True,0.107867666,0.11126566,0.06691457,0.080806084,0.097685345,0.10988933,0.07559029,0.15557955,0.068815745,0.12558575,0.1561797,0.0040898337,0.07643071,0.25976628,0.086291045,0.24347112,0.027968498,0.08248241,0.016001942,0.047318403,0.015062558,7.004923e-06,0.0024056071,0.046801392,0.43601692,0.34908816,0.0014380696,0.13762492,0.0068804575,0.0046749646
4MG,cat,dog,0.19102594,dog,0.34007207,dog,0.68084735,False,False,False,0.1800529,0.11419475,0.051150054,0.09006322,0.0605771,0.19102594,0.06420128,0.1289855,0.05858035,0.061168913,0.01188036,0.0093661845,0.039196443,0.25035182,0.11652771,0.34007207,0.18401285,0.03684191,0.0017706843,0.009979943,0.000531298,4.779058e-06,0.0017883925,0.0111235455,0.07348384,0.68084735,0.0033209946,0.22881527,2.469154e-06,8.208154e-05
4MW,cat,horse,0.13123849,cat,0.29172993,frog,0.5936516,False,True,False,0.09313926,0.12785836,0.07329538,0.09636162,0.10304774,0.09697953,0.08901998,0.13123849,0.07379832,0.11526133,0.025360363,0.039686106,0.094486535,0.29172993,0.12257563,0.10401713,0.15629973,0.010622961,0.09689156,0.05833003,0.01845419,0.0043064468,0.004074749,0.019030549,0.30650276,0.028643807,0.5936516,0.0010738333,0.023833772,0.00042832966
4N2,deer,truck,0.15993857,frog,0.35099024,frog,0.7045325,False,False,False,0.09667654,0.119166,0.062309835,0.08227974,0.105745345,0.08831308,0.083383635,0.13259567,0.06959151,0.15993857,0.0116028935,0.009885711,0.064166635,0.14745285,0.13879633,0.027250912,0.35099024,0.0036899722,0.049690448,0.19647391,0.00040823844,0.00014396083,0.0032943457,0.004090245,0.06649085,0.006519148,0.7045325,3.824045e-05,0.0002278822,0.21425451
4N6,bird,horse,0.13755894,bird,0.45742664,bird,0.63373685,False,True,True,0.0745683,0.13310048,0.08061406,0.08345451,0.12231812,0.07994967,0.087806545,0.13755894,0.07023201,0.13039736,0.040475655,0.03795237,0.45742664,0.10829361,0.12562265,0.045769457,0.031200562,0.018801818,0.08601867,0.048438583,0.00094266573,0.0011218163,0.63373685,0.012992372,0.30935103,0.014945834,0.0006996904,0.0014706582,0.024644528,9.454004e-05
4NJ,horse,dog,0.19694783,cat,0.58611876,cat,0.9070144,False,False,False,0.10888938,0.095037594,0.056027826,0.112624936,0.073552355,0.19694783,0.087301485,0.16349019,0.04678853,0.059339933,0.015038722,0.0009193971,0.18517499,0.58611876,0.017991165,0.14535801,0.036402557,0.01092147,0.00044462425,0.0016302905,0.00019542973,2.7046326e-07,0.047373965,0.9070144,0.0048520234,0.021329746,0.009259195,0.009971861,4.0371606e-07,2.6391783e-06
4NR,airplane,horse,0.13052015,bird,0.29416615,deer,0.59382415,False,False,False,0.05959607,0.116983354,0.077333055,0.11793935,0.110933505,0.0935483,0.1107885,0.13052015,0.06486486,0.11749297,0.014991116,0.008661568,0.29416615,0.25505993,0.0398223,0.05087656,0.2198115,0.006692729,0.07914156,0.030776557,0.005384092,0.00018380774,0.02449186,0.17407669,0.59382415,0.0037926298,0.18431316,0.00070056476,0.012068984,0.0011640596
4NT,automobile,cat,0.15288982,cat,0.3198762,automobile,0.8417272,False,False,True,0.05185684,0.14229828,0.04192321,0.15288982,0.10246282,0.14341877,0.10175175,0.13709247,0.04269666,0.08360935,0.022437902,0.2635952,0.049668048,0.3198762,0.07844402,0.087667316,0.046278123,0.007010823,0.0034648003,0.12155755,0.11181054,0.8417272,5.1066574e-05,0.0005350998,0.00575017,0.00024108446,0.02253162,0.0006789505,0.00016738162,0.016506808
4P4,dog,airplane,0.17390977,cat,0.58341694,bird,0.7949406,False,False,False,0.17390977,0.13250323,0.06713778,0.07079953,0.073462084,0.09325734,0.05755855,0.12932312,0.07426762,0.12778096,0.010871775,0.012414605,0.15908442,0.58341694,0.028477818,0.023599172,0.1426781,0.0054712477,0.015554572,0.018431392,0.0007356483,0.005340659,0.7949406,0.079767406,0.0032203826,0.009839849,0.10541469,3.5505484e-05,0.00039302994,0.00031232226
52E,dog,truck,0.16541664,dog,0.3456453,dog,0.99636865,False,True,True,0.09003674,0.13162208,0.06249257,0.08263819,0.10581572,0.091241844,0.072293535,0.12525679,0.073185876,0.16541664,0.12006909,0.042692855,0.06635548,0.060707625,0.034947693,0.3456453,0.008376549,0.0071386276,0.07630251,0.23776425,0.00034468665,1.6798292e-06,6.439496e-05,0.00031784334,0.0002956766,0.99636865,2.6591144e-06,1.4235542e-05,0.00040835253,0.002181796
4Q8,dog,horse,0.17267436,dog,0.4552438,dog,0.9824096,False,True,True,0.13202961,0.11567958,0.05945395,0.08012428,0.0794337,0.16665837,0.069054596,0.17267436,0.042880926,0.08201069,0.011170257,0.007656033,0.11041455,0.19334888,0.14623979,0.4552438,0.020046731,0.04391648,0.00046440726,0.011499043,7.56158e-05,5.8477212e-06,0.00053168455,0.001440609,0.0026661311,0.9824096,0.0093108695,0.0035512683,5.2442704e-07,7.872752e-06
4QC,dog,horse,0.17360967,bird,0.43839043,deer,0.9419818,False,False,False,0.0660126,0.10461293,0.07290024,0.09244222,0.11255688,0.112996265,0.09971125,0.17360967,0.060505204,0.10465272,0.016838923,0.00097112864,0.43839043,0.14034899,0.06256579,0.16819781,0.031047322,0.13017252,0.009903869,0.0015632096,6.195698e-05,8.898151e-08,0.0039081257,0.0017779382,0.9419818,0.005976168,0.0030190106,0.04274217,0.000532089,6.383737e-07
4QW,automobile,automobile,0.13247953,cat,0.31675014,dog,0.6206637,True,False,False,0.080684006,0.13247953,0.05762745,0.104844004,0.10471865,0.11188241,0.08193478,0.12997456,0.08028798,0.11556668,0.008908464,0.050118215,0.028292209,0.31675014,0.121791475,0.20240262,0.028288046,0.042258035,0.051497865,0.14969295,0.00020962117,1.4384734e-06,0.00013597288,0.30926588,0.061627798,0.6206637,2.499008e-05,0.0044332114,0.002299037,0.0013383565
4QY,frog,horse,0.15848342,frog,0.33472267,frog,0.8507321,False,True,True,0.06460031,0.11833656,0.061228655,0.114183806,0.104665436,0.11881644,0.10386012,0.15848342,0.052787285,0.10303791,0.0048564295,0.008054827,0.16402543,0.31239793,0.061534498,0.042989653,0.33472267,0.025973663,0.012395583,0.03304934,0.00055782817,0.00019934184,0.024526734,0.048297238,0.05678456,0.0017504874,0.8507321,0.016312884,0.00015802417,0.0006808118
4R4,ship,airplane,0.18178065,truck,0.2321188,ship,0.9770372,False,False,True,0.18178065,0.10999788,0.0659292,0.0652536,0.07197259,0.09856008,0.057748318,0.1252276,0.08609545,0.13743457,0.19580634,0.01749064,0.015315896,0.072089784,0.09315727,0.07816871,0.02368961,0.043284852,0.22887817,0.2321188,0.0034524945,4.3870355e-06,8.184954e-06,7.558948e-07,0.015831754,0.0026509594,1.989e-05,2.1484158e-05,0.9770372,0.00097291294
4RA,frog,dog,0.18458574,frog,0.49188748,frog,0.9640118,False,True,True,0.052002985,0.09493074,0.04450952,0.12526023,0.10804046,0.18458574,0.12737073,0.14739351,0.04599165,0.06991442,0.0004335323,0.0007404248,0.061093442,0.13656294,0.14001395,0.15402354,0.49188748,0.00825776,0.00016935688,0.0068175523,8.9356064e-08,6.909829e-08,0.0035137022,7.989163e-05,0.029808264,0.0025453223,0.9640118,1.4670845e-05,4.3248995e-09,2.625194e-05
4RP,deer,airplane,0.13181676,bird,0.6117568,bird,0.5570535,False,False,False,0.13181676,0.11075962,0.090287186,0.07463323,0.089817435,0.09267812,0.07148844,0.11845576,0.09132425,0.12873912,0.007568404,0.0017305722,0.6117568,0.07130742,0.08114294,0.061284274,0.050839517,0.0031680476,0.097989686,0.013212377,4.809615e-06,1.2344475e-07,0.5570535,0.00404865,0.29645175,0.11883694,0.0001241725,7.698892e-07,0.023383684,9.555165e-05
4RT,automobile,truck,0.22953647,truck,0.95008475,truck,0.9976178,False,False,False,0.08707496,0.13124801,0.053914484,0.08327419,0.096762165,0.06350216,0.06319674,0.1280887,0.063402064,0.22953647,0.001351718,0.008216199,0.002063981,0.010121043,0.011643023,0.00061999727,0.0043929685,0.0010185327,0.010487715,0.95008475,0.00056676095,2.6930527e-05,1.4998598e-06,1.1581681e-05,0.0011610939,7.5894854e-06,0.00036334014,8.693558e-06,0.00023473761,0.9976178
4RW,deer,horse,0.14915292,dog,0.27345297,dog,0.8739846,False,False,False,0.093038395,0.108540714,0.08106671,0.09259709,0.1022435,0.10903769,0.088343024,0.14915292,0.07436497,0.10161503,0.084226474,0.005173772,0.25611848,0.09234983,0.09298064,0.27345297,0.023469374,0.14827019,0.010613019,0.01334529,0.00031748202,3.4873465e-06,0.008172648,0.010581731,0.03599511,0.8739846,0.0005199215,0.07004739,7.45981e-05,0.00030303418
4RY,ship,automobile,0.15347913,cat,0.449401,automobile,0.47133207,False,False,False,0.09942926,0.15347913,0.048911285,0.110028714,0.08835577,0.1272875,0.074052885,0.11381863,0.065056965,0.11957985,0.0017607885,0.09283983,0.012737083,0.449401,0.014058501,0.20638347,0.03635319,0.0007274514,0.0063746637,0.17936398,3.9973033e-06,0.47133207,0.00033712637,0.032419313,2.9579853e-05,0.3252953,0.01200226,1.8474955e-05,6.548741e-05,0.15849634
4S4,truck,automobile,0.16488208,automobile,0.53722286,automobile,0.9809461,False,False,False,0.067641795,0.16488208,0.054918498,0.13700438,0.0959766,0.10419758,0.08772923,0.12690617,0.053894483,0.10684923,0.04608775,0.53722286,0.07418776,0.16170904,0.010700899,0.022578755,0.023868248,0.0012694277,0.02294587,0.09942937,0.012373074,0.9809461,0.0004087162,0.00028910875,4.7583835e-05,2.7375516e-05,0.00029582676,4.2716993e-06,0.0011174916,0.0044904645
4SJ,ship,airplane,0.20612982,airplane,0.7499478,airplane,0.74012786,False,False,False,0.20612982,0.11017941,0.06832442,0.07126965,0.06704234,0.103712045,0.05463966,0.12688392,0.0736106,0.11820816,0.7499478,0.005517178,0.03129311,0.0069587543,0.05030896,0.014311318,0.0024264208,0.013625384,0.04490274,0.080708295,0.74012786,8.138696e-07,0.00564483,6.308169e-07,0.20408757,0.00015145245,0.00029016056,5.018382e-05,0.048280347,0.0013661662
4T2,cat,deer,0.13355131,frog,0.20143698,truck,0.39474055,False,False,False,0.045258917,0.1334,0.047385763,0.11434284,0.13355131,0.111005224,0.104031876,0.13048016,0.059169624,0.12137432,0.008514534,0.040447224,0.17960493,0.07274063,0.14091615,0.17283155,0.20143698,0.005433492,0.027578156,0.15049638,2.6261654e-05,0.0063624918,0.0012388594,0.0007520504,0.2266049,0.10496566,0.26457182,1.6599063e-06,0.0007357288,0.39474055
4TJ,airplane,airplane,0.20909923,airplane,0.75195956,airplane,0.99517137,True,True,True,0.20909923,0.14192536,0.064534724,0.075977005,0.06536653,0.08201419,0.049707748,0.0966823,0.088172264,0.12652066,0.75195956,0.09498849,0.01474478,0.0018457125,0.007128993,0.0028224688,0.00043311313,0.00028427845,0.047736537,0.078056045,0.99517137,0.0006712344,2.608035e-05,5.4728048e-08,0.0002390203,2.7344496e-08,7.2255045e-07,7.031212e-09,0.0010599233,0.0028315666
4V0,truck,truck,0.18203732,truck,0.53806,frog,0.87317663,True,True,False,0.069087714,0.12301253,0.057909995,0.08071316,0.10615838,0.07916824,0.082274705,0.16526291,0.054375034,0.18203732,0.004097414,0.009322505,0.05496818,0.10610318,0.03447382,0.008820195,0.18191847,0.022061015,0.04017526,0.53806,8.344333e-06,0.00043944467,0.00031320046,0.00044845973,4.3328924e-05,0.00037918915,0.87317663,0.0002557681,0.0007200334,0.12421554
4VE,horse,dog,0.17132221,dog,0.6967179,dog,0.73398274,False,False,False,0.100192025,0.11428759,0.057811204,0.10121718,0.09104265,0.17132221,0.088557966,0.14280248,0.06036612,0.07240057,0.01831389,0.0024614257,0.057756443,0.07955088,0.087202646,0.6967179,0.023998022,0.028918613,0.001088385,0.00399172,1.4810767e-05,1.0424299e-08,0.0033968852,0.008906552,0.24826173,0.73398274,0.0024901053,0.0029436671,2.0559713e-07,3.3112847e-06
4W2,airplane,airplane,0.34070632,bird,0.3543979,deer,0.71954304,True,False,False,0.34070632,0.11251498,0.05827885,0.04346871,0.048758093,0.08929013,0.03644712,0.10728283,0.06599521,0.09725771,0.28520525,0.021716502,0.3543979,0.030470712,0.18913381,0.005777863,0.032892454,0.0048161005,0.04049708,0.035092402,0.031232908,1.3731794e-06,0.24890503,0.00014802636,0.71954304,1.9118493e-06,0.00015249658,1.1627911e-06,5.9729937e-06,8.101107e-06
4X4,ship,airplane,0.27647156,truck,0.55440843,ship,0.94078076,False,False,True,0.27647156,0.10697317,0.05451585,0.053617805,0.051169824,0.091583125,0.035384372,0.10955451,0.07122626,0.14950357,0.10910885,0.0022808665,0.14294198,0.009437647,0.024408806,0.0024562501,0.0028034635,0.0004550028,0.15169866,0.55440843,0.0012666411,3.0457798e-07,0.006136606,6.9016505e-07,0.0077312337,6.394669e-07,1.3953528e-06,6.980877e-10,0.94078076,0.044081733
4XR,horse,horse,0.19007453,horse,0.44314292,horse,0.8343976,True,True,True,0.18582322,0.118004516,0.054535825,0.05800138,0.06952695,0.12712304,0.050465316,0.19007453,0.051302765,0.09514247,0.034929298,0.003219217,0.11948576,0.16116373,0.17165123,0.04374139,0.00693705,0.44314292,0.0021014316,0.01362793,1.453254e-06,8.8310236e-07,0.01487839,0.00015240943,0.11054547,0.039925426,1.1764439e-05,0.8343976,3.1413148e-07,8.640681e-05
4XW,bird,horse,0.15203282,deer,0.60634845,deer,0.90504366,False,False,False,0.07008288,0.11396403,0.06181957,0.10373491,0.11832544,0.1434321,0.103903025,0.15203282,0.049330823,0.083374396,0.0045216507,0.008262282,0.09308817,0.04698786,0.60634845,0.14206238,0.032037415,0.04624142,0.0010482563,0.019402103,1.4392898e-05,6.647016e-06,0.06551555,0.00021994059,0.90504366,0.004877932,0.004197864,0.02011347,5.2855955e-07,1.0043234e-05
4YA,truck,truck,0.16272001,truck,0.5861808,truck,0.79710305,True,True,True,0.13725363,0.14299266,0.062330797,0.06738023,0.083414204,0.080157086,0.05775663,0.13494185,0.07105299,0.16272001,0.10991029,0.093573876,0.08530052,0.028198589,0.03114816,0.011743984,0.0059652347,0.009540417,0.038438194,0.5861808,0.04748032,0.025202418,0.0017366584,0.00036310888,0.11543684,0.0051513277,0.004182805,0.003074576,0.00026886337,0.79710305
4Z4,frog,horse,0.14227407,deer,0.30255663,deer,0.74524075,False,False,False,0.08875759,0.12943754,0.06813416,0.09599493,0.11040118,0.11061314,0.09443114,0.14227407,0.061558016,0.0983982,0.0034677174,0.018336581,0.055378206,0.29436937,0.30255663,0.044658933,0.22552902,0.019321196,0.009440695,0.02694163,9.6099226e-05,0.0045405035,0.02648227,0.06308045,0.74524075,0.07233287,0.080436945,0.0041877837,0.0010321933,0.002570106
4ZP,ship,truck,0.14138782,deer,0.3092499,ship,0.84108216,False,False,True,0.11916206,0.13085465,0.06639,0.07123032,0.10578811,0.08566225,0.07420665,0.12858653,0.07673166,0.14138782,0.031429518,0.044233877,0.032798458,0.014862089,0.3092499,0.021625008,0.109420374,0.008260469,0.1272631,0.3008572,0.004683868,0.00021900161,2.8928014e-06,9.1227264e-08,0.041870173,0.00070773344,0.006872255,9.270692e-06,0.84108216,0.1045525
4ZR,horse,horse,0.1629804,bird,0.31451443,dog,0.449337,True,False,False,0.13381912,0.1266833,0.062381055,0.07226139,0.08665887,0.1039677,0.06605397,0.1629804,0.06918259,0.116011634,0.041798502,0.010196327,0.31451443,0.16665265,0.08407257,0.08309752,0.106694415,0.113297224,0.042674173,0.03700223,0.000137948,0.0001192318,0.072572306,0.0038223285,0.12072823,0.449337,0.00019781284,0.32691762,0.0071058767,0.019061614
500,ship,truck,0.17202638,ship,0.40389588,airplane,0.7762912,False,True,False,0.11716452,0.117786154,0.082358316,0.081192344,0.088448375,0.07445968,0.07480653,0.09867631,0.09308133,0.17202638,0.17200397,0.014522533,0.11279741,0.025915042,0.013142551,0.014188639,0.027793752,0.00081068923,0.40389588,0.21492948,0.7762912,1.7457014e-05,0.0018259144,0.00013400525,0.0020237346,0.0015627788,0.0032289585,7.7853383e-07,0.18113536,0.033779863
50E,deer,truck,0.20794995,truck,0.61699253,deer,0.39083663,False,False,True,0.09465805,0.111761406,0.063324295,0.07081388,0.10423438,0.072093844,0.065378316,0.14381813,0.06596781,0.20794995,0.044637848,0.004506559,0.028203534,0.073244,0.10691203,0.025772737,0.017317459,0.029791305,0.052622065,0.61699253,0.01026846,3.0192063e-05,0.002594678,0.008511552,0.39083663,0.044409394,0.02398103,0.33043945,0.010569985,0.17835866
50G,frog,horse,0.15077722,frog,0.38165286,deer,0.55517346,False,True,False,0.04565884,0.117275715,0.054442592,0.11721288,0.12869276,0.120867826,0.11973239,0.15077722,0.051341273,0.09399842,0.00067617133,0.0059678997,0.098014265,0.1705022,0.2544806,0.040513314,0.38165286,0.019963043,0.0026516716,0.02557786,4.605205e-07,5.6872443e-05,0.0054296777,0.00021311156,0.55517346,0.00072970113,0.43595603,0.0023220691,3.1057443e-06,0.000115441995
50T,cat,horse,0.17670488,deer,0.41698524,deer,0.99829215,False,False,False,0.10766792,0.11534674,0.053718634,0.10149823,0.08991145,0.1591385,0.082144514,0.17670488,0.048443146,0.06542592,0.0072775097,0.0018440752,0.08525701,0.35492173,0.41698524,0.044961635,0.026550505,0.05798835,0.0013272879,0.0028866457,2.0063883e-06,6.176702e-07,0.00010605068,7.946109e-05,0.99829215,6.6258064e-05,0.0002335772,0.0012195904,1.4061648e-07,1.109482e-07
51M,cat,airplane,0.14921956,bird,0.46178967,bird,0.6189225,False,False,False,0.14921956,0.120795295,0.07272828,0.07836718,0.083385095,0.12228786,0.074996516,0.12716106,0.07449271,0.09656648,0.049732614,0.020131208,0.46178967,0.058486868,0.11563385,0.16725907,0.05138247,0.033194352,0.014686803,0.027703071,0.00032959256,0.000114254246,0.6189225,0.00023160494,0.31972715,0.05798909,0.0015538309,0.00077591103,0.00015696451,0.00019914762
520,horse,horse,0.15681668,deer,0.30721575,deer,0.9397618,True,False,False,0.060122527,0.117806956,0.0700288,0.08597558,0.13020995,0.09347891,0.095303476,0.15681668,0.061416518,0.12884066,0.009404062,0.023021802,0.21089824,0.19858125,0.30721575,0.08963421,0.045844663,0.056253698,0.024896482,0.034249872,2.7993012e-05,0.00084333343,0.021872444,0.0013008238,0.9397618,0.028696576,0.0018621618,0.0045038904,0.00097323983,0.00015770996
522,automobile,horse,0.15577433,cat,0.4126676,frog,0.9627097,False,False,False,0.05493074,0.11898934,0.053780872,0.12541401,0.109297246,0.12912835,0.11438288,0.15577433,0.041937377,0.09636495,0.0004230784,0.016691424,0.03188975,0.4126676,0.094445005,0.014222233,0.38531956,0.0033206176,0.0010784374,0.039942272,4.436005e-06,0.0020548415,0.00061256695,0.012904261,0.0058333464,0.0008068729,0.9627097,8.457331e-05,8.509857e-06,0.014980823
526,automobile,truck,0.16237998,truck,0.24619222,deer,0.9713274,False,False,False,0.09923262,0.14001398,0.06790058,0.07148837,0.10947752,0.069068275,0.070703596,0.13033302,0.079402074,0.16237998,0.048992556,0.15962413,0.057090696,0.047325972,0.23602442,0.028788682,0.021819988,0.050832074,0.103309266,0.24619222,0.013468553,0.0018527971,0.00058031315,2.8920508e-06,0.9713274,0.00014511668,0.0002517193,0.004460334,0.007477886,0.00043279154
528,airplane,airplane,0.2909398,airplane,0.6627633,airplane,0.8121982,True,True,True,0.2909398,0.09600654,0.07310214,0.046129573,0.050095998,0.0923331,0.043154947,0.12746586,0.065873474,0.11489858,0.6627633,0.00040949523,0.302127,0.013062384,0.0019106503,0.0058742575,0.006217371,0.0024092495,0.0034319216,0.0017944286,0.8121982,5.3831254e-06,0.18159087,0.000106334555,5.611673e-05,1.2980727e-05,0.005978086,1.4834694e-05,1.7624146e-05,1.9537365e-05
52C,bird,horse,0.18487503,deer,0.31783226,horse,0.5990089,False,False,False,0.091273636,0.10792022,0.07098025,0.08244926,0.109524794,0.12534627,0.085181266,0.18487503,0.054298926,0.08815034,0.013005427,0.0018055352,0.12676328,0.11495218,0.31783226,0.0959294,0.01748635,0.30664715,0.0030977582,0.0024805616,6.717777e-06,5.744907e-06,0.035789687,0.0069605694,0.33265582,0.024348065,0.0012229766,0.5990089,8.3479523e-07,6.9137815e-07
52G,truck,airplane,0.32004604,truck,0.5436703,ship,0.56206375,False,True,False,0.32004604,0.13357574,0.04637011,0.042046614,0.044121686,0.06653708,0.028158316,0.09920348,0.071066014,0.1488749,0.17623085,0.10011159,0.008395027,0.0014837214,0.015544883,0.0008392578,0.0008549076,0.00056474,0.1523047,0.5436703,0.12750322,0.135555,0.00036286635,4.1024978e-07,0.006217759,9.6568634e-08,9.720313e-06,2.7279003e-07,0.56206375,0.16828698
53G,truck,automobile,0.14030986,truck,0.62439436,ship,0.61549467,False,True,False,0.13977852,0.14030986,0.05857983,0.09722434,0.069174774,0.11040525,0.06054739,0.09867781,0.10270478,0.12259732,0.007952176,0.11365934,0.022374658,0.03128893,0.016466955,0.02847441,0.011204718,0.0036565934,0.14052783,0.62439436,0.002345671,0.0010153429,0.0012855908,0.0019596778,0.010481635,0.042590667,8.012492e-06,0.0028100458,0.61549467,0.32200855
53M,truck,airplane,0.14893554,automobile,0.4132243,automobile,0.97038585,False,False,False,0.14893554,0.14821549,0.07530205,0.079289086,0.070030265,0.08549659,0.0598755,0.10727239,0.082969494,0.14261359,0.05300001,0.4132243,0.108447276,0.08596909,0.008509254,0.014711915,0.011290537,0.0007741751,0.10165113,0.2024223,0.0049995645,0.97038585,0.004367148,2.1604688e-05,1.8802234e-06,3.2706277e-05,3.820913e-06,5.6336114e-07,0.01087078,0.009315948
53P,dog,horse,0.14577669,deer,0.26961818,frog,0.6948723,False,False,False,0.097070664,0.122298725,0.061066944,0.0828985,0.108116485,0.10125447,0.08504937,0.14577669,0.070831485,0.12563662,0.024175905,0.011930981,0.069286615,0.22636497,0.26961818,0.050062872,0.18257354,0.03492406,0.013124007,0.117938906,0.01345666,7.057637e-05,0.0008603507,0.004877967,0.25471637,0.0028906772,0.6948723,0.02283542,0.0004693218,0.0049502826
542,bird,dog,0.1303364,bird,0.32850075,deer,0.8759403,False,True,False,0.11090442,0.120766416,0.06989131,0.10384327,0.088809654,0.1303364,0.09540714,0.12031765,0.07205097,0.087672815,0.051218946,0.041676827,0.32850075,0.11360136,0.11012631,0.12269769,0.1468323,0.013932903,0.034162972,0.03724996,0.033471294,5.169541e-05,0.06578957,0.0040551787,0.8759403,0.0078036864,0.00812848,0.0028227672,0.0018493728,8.7648084e-05
546,airplane,airplane,0.19163129,frog,0.29563463,deer,0.939327,True,False,False,0.19163129,0.114653476,0.065769255,0.06192934,0.07484822,0.096863575,0.05935272,0.12387735,0.08091807,0.13015674,0.030128133,0.0033900363,0.2141583,0.09470476,0.16538721,0.009962576,0.29563463,0.0050421013,0.075355075,0.106237136,0.0034989994,1.130079e-06,0.004879935,0.00015669139,0.939327,4.106622e-05,0.012260302,6.249471e-07,0.026484393,0.013349917
54T,truck,automobile,0.13296388,bird,0.22952749,ship,0.39796105,False,False,False,0.0725436,0.13296388,0.060212974,0.09309609,0.12038725,0.11333413,0.09489869,0.13125238,0.07371095,0.10760009,0.021010384,0.049183425,0.22952749,0.033815965,0.2151543,0.118076585,0.1376545,0.006746918,0.13085759,0.0579729,0.0012620613,0.020846631,0.066769,6.9360045e-05,0.3866461,0.109660484,0.013287005,0.0017861443,0.39796105,0.0017122016
550,airplane,horse,0.13698491,dog,0.33605126,deer,0.8264784,False,False,False,0.057347458,0.105109945,0.06704277,0.098418914,0.13380082,0.11486517,0.11412492,0.13698491,0.0733654,0.0989397,0.027526269,0.0033750487,0.20196068,0.060540807,0.2273945,0.33605126,0.06620468,0.049279034,0.018463422,0.009204319,0.000377543,9.69323e-08,0.0009538394,0.0052916612,0.8264784,0.15271352,0.0004032971,3.1242693e-05,0.013547582,0.00020275435
55E,airplane,horse,0.1341567,deer,0.26241583,dog,0.5375729,False,False,False,0.077408284,0.118421,0.068873204,0.09031938,0.12135283,0.09713659,0.096238226,0.1341567,0.08015531,0.11593854,0.015365952,0.0076618646,0.18326941,0.1069701,0.26241583,0.12508939,0.21857725,0.020073757,0.0398403,0.020736134,8.0666e-05,1.038368e-06,0.0021971334,0.001063864,0.21276349,0.5375729,0.00016386989,2.1372936e-05,0.24604595,8.970564e-05
55J,deer,truck,0.17778327,truck,0.715916,truck,0.93647724,False,False,False,0.09849759,0.11364181,0.06242718,0.08515151,0.09646255,0.09036545,0.06937074,0.12661466,0.07968534,0.17778327,0.017510626,0.0030597858,0.06002823,0.024315028,0.030457636,0.010713728,0.017879618,0.0026334815,0.11748596,0.715916,0.0017399621,7.3965447e-07,0.03600811,0.0024456088,0.016377263,0.0011236231,0.00032132422,1.0286126e-05,0.0054958416,0.93647724
55W,cat,horse,0.13803798,dog,0.29004312,deer,0.38718858,False,False,False,0.082621865,0.13455614,0.06410225,0.095454186,0.109525956,0.10788166,0.090422444,0.13803798,0.07495357,0.10244401,0.008613447,0.017927464,0.12849478,0.27310607,0.10871356,0.29004312,0.12054542,0.027691822,0.014673973,0.010190411,9.038689e-05,6.1762516e-06,0.005369788,0.31276315,0.38718858,0.27011925,0.023342928,0.0010368716,7.973101e-05,3.1357858e-06
566,dog,airplane,0.45740375,bird,0.5614259,bird,0.5969185,False,False,False,0.45740375,0.093431376,0.044386774,0.034613278,0.026750952,0.10215566,0.028421463,0.089653075,0.058584053,0.06459963,0.1394331,0.019795049,0.5614259,0.010804844,0.012855407,0.010843452,0.10169514,0.0018912298,0.12152907,0.019726925,0.015370184,4.2641575e-05,0.5969185,5.0603962e-06,0.17642513,0.19564357,0.013984532,6.3343725e-07,0.0015910032,1.8769444e-05
56C,bird,truck,0.15031812,ship,0.30896574,dog,0.74244,False,False,False,0.12196537,0.112743266,0.07793794,0.08020203,0.08196406,0.08765664,0.06940654,0.12475645,0.09304967,0.15031812,0.07345278,0.0074352487,0.17561659,0.1608254,0.015625635,0.10348323,0.029113244,0.02054169,0.30896574,0.104940385,0.011413794,9.129224e-05,0.091942385,0.030457053,0.0071685766,0.74244,0.0039056097,0.00035079726,0.0928288,0.019401737
56M,automobile,automobile,0.1756894,automobile,0.670876,automobile,0.9915623,True,True,True,0.096001185,0.1756894,0.052645214,0.10473962,0.09486057,0.10155528,0.071628466,0.12103937,0.06567897,0.11616188,0.03403111,0.670876,0.011290267,0.06673066,0.026720602,0.039500356,0.011677812,0.0012108899,0.049126275,0.088835955,0.0028997543,0.9915623,1.8857565e-05,3.899109e-06,0.0006550224,0.0009947835,0.002922592,1.3441621e-05,0.0008897576,3.9541046e-05
56W,cat,horse,0.14476046,frog,0.39469954,frog,0.90951973,False,False,False,0.042471956,0.107536696,0.05948554,0.12938449,0.11392803,0.12056978,0.12496788,0.14476046,0.05517763,0.10171757,0.0007281681,0.0020829942,0.19945678,0.27474973,0.03900223,0.059400823,0.39469954,0.009786344,0.006816799,0.013276599,2.4495384e-07,7.187211e-05,0.074786946,0.0060470323,0.0042741555,0.0051148287,0.90951973,7.70244e-05,4.7372374e-05,6.079039e-05
572,airplane,airplane,0.4951006,airplane,0.8855839,airplane,0.9965423,True,True,True,0.4951006,0.07284992,0.047485832,0.035521694,0.02392287,0.100360684,0.026381627,0.06938541,0.06597131,0.06302002,0.8855839,0.0019073733,0.080540605,0.0009277693,0.0015440489,0.004320894,0.001566409,0.00010025413,0.018333014,0.005175681,0.9965423,1.5651835e-07,0.0011582825,2.6295178e-08,0.0018015439,1.9884983e-06,2.1207452e-05,2.53563e-09,0.0004739646,4.6211153e-07
57J,frog,horse,0.16696088,cat,0.44717577,deer,0.7395754,False,False,False,0.07597472,0.10684886,0.06247446,0.11263718,0.10080636,0.15317729,0.10146316,0.16696088,0.040815763,0.07884132,0.006891696,0.010742911,0.08702119,0.44717577,0.26601946,0.05244283,0.054173883,0.060634203,0.0009525112,0.013945523,0.00033665376,1.5886957e-05,0.0044864165,0.16386573,0.7395754,0.0064028264,0.06779407,0.017459854,1.2046614e-06,6.194948e-05
58P,frog,cat,0.14137714,cat,0.46106097,cat,0.58331436,False,False,False,0.055199143,0.11138395,0.06677846,0.14137714,0.09694228,0.11819747,0.1146216,0.13523488,0.06680765,0.0934574,0.0041336804,0.0048771896,0.21808226,0.46106097,0.015562715,0.03775276,0.2085729,0.005193836,0.031767715,0.012995911,0.0012754694,0.022044605,0.0549068,0.58331436,0.00087948574,0.004076571,0.26030546,0.0005235899,0.0631178,0.009555754
58R,deer,dog,0.15404353,cat,0.6368177,cat,0.489465,False,False,False,0.057468094,0.112594314,0.053440608,0.14994444,0.09904812,0.15404353,0.10927209,0.15090781,0.043862946,0.06941801,0.0069577266,0.005745015,0.079876356,0.6368177,0.05555918,0.09739067,0.093360364,0.015326087,0.0016134343,0.007353405,0.0013939716,1.721285e-05,0.0026357758,0.489465,0.37283581,0.0007438011,0.11359228,0.019307679,1.181e-06,7.188163e-06
58W,cat,deer,0.13127917,frog,0.41962203,deer,0.6716439,False,False,False,0.05977042,0.1198245,0.06278143,0.10325723,0.13127917,0.1067221,0.11240814,0.12402642,0.073165014,0.10676554,0.0076256464,0.009527812,0.09934204,0.17792672,0.1628548,0.080338955,0.41962203,0.005714132,0.020807408,0.01624039,0.0015774136,3.7331094e-05,0.00070601964,0.1202039,0.6716439,0.021846093,0.17162324,7.412536e-05,0.012168262,0.00011975002
594,horse,horse,0.15721402,dog,0.22706476,dog,0.6498939,True,False,False,0.06047008,0.12073303,0.053151812,0.10232375,0.12262218,0.11276385,0.09540487,0.15721402,0.058154024,0.11716238,0.0071169436,0.035520356,0.014579249,0.12839316,0.21815653,0.22706476,0.036178663,0.19326527,0.006171834,0.13355315,0.00083992095,0.00038758665,0.00069721666,0.022700664,0.031178545,0.6498939,0.121307164,0.13798985,0.00010338354,0.034901775
59J,automobile,truck,0.1887191,truck,0.7668206,truck,0.84996474,False,False,False,0.1148951,0.15422755,0.060043756,0.076660246,0.09616244,0.064516634,0.059136253,0.11489514,0.070743844,0.1887191,0.017724477,0.14500804,0.0038287025,0.00803451,0.03144603,0.0011349816,0.0019432853,0.0015173386,0.022542005,0.7668206,0.0108275665,0.059928373,4.6100235e-05,4.2095686e-05,0.065636285,1.0761372e-05,0.00038288865,1.2395386e-05,0.013148751,0.84996474
59R,bird,horse,0.13205512,frog,0.26835117,deer,0.6774857,False,False,False,0.059006847,0.10678042,0.071521714,0.116218634,0.11910548,0.11845116,0.12111981,0.13205512,0.06809265,0.087648146,0.004426103,0.006890505,0.21199363,0.115899734,0.24368183,0.08369353,0.26835117,0.03889179,0.010631531,0.015540159,2.0628062e-05,4.9677208e-05,0.014207561,0.0038419126,0.6774857,0.0030348976,0.2950765,0.006181772,7.844923e-05,2.3005114e-05
5AA,automobile,truck,0.15366219,truck,0.35450602,automobile,0.9663953,False,False,True,0.06697031,0.13292846,0.066660434,0.0836675,0.12288679,0.07295785,0.08923672,0.14735086,0.06367894,0.15366219,0.0059176306,0.09627029,0.059500147,0.12465302,0.16809303,0.02708783,0.088372946,0.04273134,0.032867685,0.35450602,8.430476e-06,0.9663953,0.00077481533,0.00011641564,0.00092287053,0.0011809177,0.0020216054,0.0010784141,0.0010392616,0.026461938
5AJ,dog,horse,0.17912556,cat,0.3114791,horse,0.9901072,False,False,False,0.13453501,0.117759325,0.06914774,0.05946262,0.084594175,0.08638325,0.06282741,0.17912556,0.05903299,0.14713188,0.0034202174,0.0060071293,0.23857799,0.3114791,0.07729754,0.0119077675,0.14560303,0.15982811,0.008057423,0.03782168,1.6601567e-06,0.0008011127,0.0038191527,0.0014398342,0.0008068832,0.00051335886,0.0023734202,0.9901072,2.4234083e-07,0.00013722226
